Aeropuerto Base,Año,Grupo Compañía,Pasajeros
A CORUÑA,2006,GRUPO IBERIA,692999
A CORUÑA,2007,GRUPO IBERIA,548946
A CORUÑA,2008,GRUPO IBERIA,506164
A CORUÑA,2009,GRUPO IBERIA,456369
A CORUÑA,2010,GRUPO IBERIA,430377
A CORUÑA,2011,GRUPO IBERIA,401449
A CORUÑA,2012,GRUPO IBERIA,424937
A CORUÑA,2013,"VUELING AIRLINES, S.A.",368798
A CORUÑA,2014,"VUELING AIRLINES, S.A.",431167
A CORUÑA,2015,"VUELING AIRLINES, S.A.",437043
A CORUÑA,2016,"VUELING AIRLINES, S.A.",448641
A CORUÑA,2017,"VUELING AIRLINES, S.A.",483564
A CORUÑA,2018,"VUELING AIRLINES, S.A.",544208
A CORUÑA,2019,"VUELING AIRLINES, S.A.",639221
A CORUÑA,2020,"VUELING AIRLINES, S.A.",192986
A CORUÑA,2021,GRUPO IBERIA,252643
A CORUÑA,2022,GRUPO IBERIA,329410
A CORUÑA,2023,AIR EUROPA,379690
A CORUÑA,2024,AIR EUROPA,416839
A CORUÑA,2025,AIR EUROPA,426617
ADOLFO SUÁREZ MADRID-BARAJAS,2006,GRUPO IBERIA,20364735
ADOLFO SUÁREZ MADRID-BARAJAS,2007,GRUPO IBERIA,24376528
ADOLFO SUÁREZ MADRID-BARAJAS,2008,GRUPO IBERIA,24445698
ADOLFO SUÁREZ MADRID-BARAJAS,2009,GRUPO IBERIA,22796620
ADOLFO SUÁREZ MADRID-BARAJAS,2010,GRUPO IBERIA,22383029
ADOLFO SUÁREZ MADRID-BARAJAS,2011,GRUPO IBERIA,20679354
ADOLFO SUÁREZ MADRID-BARAJAS,2012,GRUPO IBERIA,20135244
ADOLFO SUÁREZ MADRID-BARAJAS,2013,GRUPO IBERIA,16508305
ADOLFO SUÁREZ MADRID-BARAJAS,2014,GRUPO IBERIA,17006153
ADOLFO SUÁREZ MADRID-BARAJAS,2015,GRUPO IBERIA,19368578
ADOLFO SUÁREZ MADRID-BARAJAS,2016,GRUPO IBERIA,21000385
ADOLFO SUÁREZ MADRID-BARAJAS,2017,GRUPO IBERIA,21963389
ADOLFO SUÁREZ MADRID-BARAJAS,2018,GRUPO IBERIA,24293907
ADOLFO SUÁREZ MADRID-BARAJAS,2019,GRUPO IBERIA,26257042
ADOLFO SUÁREZ MADRID-BARAJAS,2020,GRUPO IBERIA,7978924
ADOLFO SUÁREZ MADRID-BARAJAS,2021,GRUPO IBERIA,12517993
ADOLFO SUÁREZ MADRID-BARAJAS,2022,GRUPO IBERIA,23208543
ADOLFO SUÁREZ MADRID-BARAJAS,2023,GRUPO IBERIA,27542877
ADOLFO SUÁREZ MADRID-BARAJAS,2024,GRUPO IBERIA,30016493
ADOLFO SUÁREZ MADRID-BARAJAS,2025,GRUPO IBERIA,29497933
AEROPUERTO INTL. REGIÓN MURCIA,2019,RYANAIR GROUP,627571
AEROPUERTO INTL. REGIÓN MURCIA,2020,RYANAIR GROUP,107627
AEROPUERTO INTL. REGIÓN MURCIA,2021,RYANAIR GROUP,82401
AEROPUERTO INTL. REGIÓN MURCIA,2022,RYANAIR GROUP,439263
AEROPUERTO INTL. REGIÓN MURCIA,2023,RYANAIR GROUP,488959
AEROPUERTO INTL. REGIÓN MURCIA,2024,RYANAIR GROUP,520289
AEROPUERTO INTL. REGIÓN MURCIA,2025,RYANAIR GROUP,574280
ALICANTE-ELCHE MIGUEL HDEZ.,2006,EASYJET,1455317
ALICANTE-ELCHE MIGUEL HDEZ.,2007,EASYJET,1548748
ALICANTE-ELCHE MIGUEL HDEZ.,2008,EASYJET,1725378
ALICANTE-ELCHE MIGUEL HDEZ.,2009,RYANAIR GROUP,2345687
ALICANTE-ELCHE MIGUEL HDEZ.,2010,RYANAIR GROUP,3152724
ALICANTE-ELCHE MIGUEL HDEZ.,2011,RYANAIR GROUP,3442744
ALICANTE-ELCHE MIGUEL HDEZ.,2012,RYANAIR GROUP,2349067
ALICANTE-ELCHE MIGUEL HDEZ.,2013,RYANAIR GROUP,2673107
ALICANTE-ELCHE MIGUEL HDEZ.,2014,RYANAIR GROUP,2605477
ALICANTE-ELCHE MIGUEL HDEZ.,2015,RYANAIR GROUP,2993172
ALICANTE-ELCHE MIGUEL HDEZ.,2016,RYANAIR GROUP,3595687
ALICANTE-ELCHE MIGUEL HDEZ.,2017,RYANAIR GROUP,4023810
ALICANTE-ELCHE MIGUEL HDEZ.,2018,RYANAIR GROUP,4274515
ALICANTE-ELCHE MIGUEL HDEZ.,2019,RYANAIR GROUP,4869810
ALICANTE-ELCHE MIGUEL HDEZ.,2020,RYANAIR GROUP,1441617
ALICANTE-ELCHE MIGUEL HDEZ.,2021,RYANAIR GROUP,2316781
ALICANTE-ELCHE MIGUEL HDEZ.,2022,RYANAIR GROUP,4980079
ALICANTE-ELCHE MIGUEL HDEZ.,2023,RYANAIR GROUP,6276345
ALICANTE-ELCHE MIGUEL HDEZ.,2024,RYANAIR GROUP,7472404
ALICANTE-ELCHE MIGUEL HDEZ.,2025,RYANAIR GROUP,8282028
ALMERÍA,2006,AIR NOSTRUM,315034
ALMERÍA,2007,GRUPO IBERIA,299388
ALMERÍA,2008,GRUPO IBERIA,318257
ALMERÍA,2009,GRUPO IBERIA,257356
ALMERÍA,2010,GRUPO IBERIA,269529
ALMERÍA,2011,GRUPO IBERIA,251413
ALMERÍA,2012,GRUPO IBERIA,231335
ALMERÍA,2013,GRUPO IBERIA,178079
ALMERÍA,2014,GRUPO IBERIA,165741
ALMERÍA,2015,GRUPO IBERIA,221798
ALMERÍA,2016,GRUPO IBERIA,236843
ALMERÍA,2017,GRUPO IBERIA,229650
ALMERÍA,2018,GRUPO IBERIA,260815
ALMERÍA,2019,GRUPO IBERIA,280059
ALMERÍA,2020,GRUPO IBERIA,116740
ALMERÍA,2021,GRUPO IBERIA,147264
ALMERÍA,2022,GRUPO IBERIA,223947
ALMERÍA,2023,GRUPO IBERIA,258872
ALMERÍA,2024,GRUPO IBERIA,301024
ALMERÍA,2025,GRUPO IBERIA,290430
ASTURIAS,2006,GRUPO IBERIA,694759
ASTURIAS,2007,GRUPO IBERIA,889523
ASTURIAS,2008,GRUPO IBERIA,722488
ASTURIAS,2009,GRUPO IBERIA,624491
ASTURIAS,2010,GRUPO IBERIA,522206
ASTURIAS,2011,GRUPO IBERIA,449425
ASTURIAS,2012,GRUPO IBERIA,439992
ASTURIAS,2013,GRUPO IBERIA,355998
ASTURIAS,2014,"VUELING AIRLINES, S.A.",367256
ASTURIAS,2015,GRUPO IBERIA,416847
ASTURIAS,2016,GRUPO IBERIA,527861
ASTURIAS,2017,GRUPO IBERIA,578714
ASTURIAS,2018,GRUPO IBERIA,577370
ASTURIAS,2019,"VUELING AIRLINES, S.A.",490290
ASTURIAS,2020,"VUELING AIRLINES, S.A.",170873
ASTURIAS,2021,"VUELING AIRLINES, S.A.",315937
ASTURIAS,2022,"VUELING AIRLINES, S.A.",613102
ASTURIAS,2023,"VUELING AIRLINES, S.A.",692299
ASTURIAS,2024,"VUELING AIRLINES, S.A.",696951
ASTURIAS,2025,"VOLOTEA, S.L.",753978
BADAJOZ,2006,AIR NOSTRUM,55995
BADAJOZ,2007,GRUPO IBERIA,71871
BADAJOZ,2008,GRUPO IBERIA,67615
BADAJOZ,2009,GRUPO IBERIA,64788
BADAJOZ,2010,GRUPO IBERIA,55155
BADAJOZ,2011,GRUPO IBERIA,53612
BADAJOZ,2012,"HELITT LINEAS AEREAS, S.A.",55104
BADAJOZ,2013,AIR EUROPA,24251
BADAJOZ,2014,AIR EUROPA,37743
BADAJOZ,2015,AIR EUROPA,20433
BADAJOZ,2016,GRUPO IBERIA,27857
BADAJOZ,2017,GRUPO IBERIA,46185
BADAJOZ,2018,GRUPO IBERIA,48626
BADAJOZ,2019,GRUPO IBERIA,71673
BADAJOZ,2020,GRUPO IBERIA,27506
BADAJOZ,2021,GRUPO IBERIA,33552
BADAJOZ,2022,GRUPO IBERIA,63696
BADAJOZ,2023,GRUPO IBERIA,76128
BADAJOZ,2024,GRUPO IBERIA,86414
BADAJOZ,2025,GRUPO IBERIA,86559
BARCELONA-EL PRAT J.T.,2006,GRUPO IBERIA,8986073
BARCELONA-EL PRAT J.T.,2007,GRUPO IBERIA,7478540
BARCELONA-EL PRAT J.T.,2008,"CLICKAIR, S.A.",4848846
BARCELONA-EL PRAT J.T.,2009,"VUELING AIRLINES, S.A.",4954126
BARCELONA-EL PRAT J.T.,2010,"VUELING AIRLINES, S.A.",7225066
BARCELONA-EL PRAT J.T.,2011,"VUELING AIRLINES, S.A.",7755552
BARCELONA-EL PRAT J.T.,2012,"VUELING AIRLINES, S.A.",10479551
BARCELONA-EL PRAT J.T.,2013,"VUELING AIRLINES, S.A.",12172815
BARCELONA-EL PRAT J.T.,2014,"VUELING AIRLINES, S.A.",13703747
BARCELONA-EL PRAT J.T.,2015,"VUELING AIRLINES, S.A.",14727366
BARCELONA-EL PRAT J.T.,2016,"VUELING AIRLINES, S.A.",15912014
BARCELONA-EL PRAT J.T.,2017,"VUELING AIRLINES, S.A.",17174795
BARCELONA-EL PRAT J.T.,2018,"VUELING AIRLINES, S.A.",19213134
BARCELONA-EL PRAT J.T.,2019,"VUELING AIRLINES, S.A.",20381102
BARCELONA-EL PRAT J.T.,2020,"VUELING AIRLINES, S.A.",5246874
BARCELONA-EL PRAT J.T.,2021,"VUELING AIRLINES, S.A.",8838744
BARCELONA-EL PRAT J.T.,2022,"VUELING AIRLINES, S.A.",17397063
BARCELONA-EL PRAT J.T.,2023,"VUELING AIRLINES, S.A.",20538143
BARCELONA-EL PRAT J.T.,2024,"VUELING AIRLINES, S.A.",21860243
BARCELONA-EL PRAT J.T.,2025,"VUELING AIRLINES, S.A.",22701652
BILBAO,2006,GRUPO IBERIA,1056413
BILBAO,2007,GRUPO IBERIA,1523611
BILBAO,2008,GRUPO IBERIA,1062559
BILBAO,2009,GRUPO IBERIA,893507
BILBAO,2010,"VUELING AIRLINES, S.A.",859515
BILBAO,2011,"VUELING AIRLINES, S.A.",933297
BILBAO,2012,"VUELING AIRLINES, S.A.",1238480
BILBAO,2013,"VUELING AIRLINES, S.A.",1327059
BILBAO,2014,"VUELING AIRLINES, S.A.",1454652
BILBAO,2015,"VUELING AIRLINES, S.A.",1548729
BILBAO,2016,"VUELING AIRLINES, S.A.",1615221
BILBAO,2017,"VUELING AIRLINES, S.A.",1706065
BILBAO,2018,"VUELING AIRLINES, S.A.",2091961
BILBAO,2019,"VUELING AIRLINES, S.A.",2334699
BILBAO,2020,"VUELING AIRLINES, S.A.",788486
BILBAO,2021,"VUELING AIRLINES, S.A.",1351077
BILBAO,2022,"VUELING AIRLINES, S.A.",2488815
BILBAO,2023,"VUELING AIRLINES, S.A.",3080542
BILBAO,2024,"VUELING AIRLINES, S.A.",3312043
BILBAO,2025,"VUELING AIRLINES, S.A.",3311685
EL HIERRO,2006,BINTER CANARIAS,168085
EL HIERRO,2007,BINTER CANARIAS,180898
EL HIERRO,2008,BINTER CANARIAS,191406
EL HIERRO,2009,BINTER CANARIAS,181542
EL HIERRO,2010,BINTER CANARIAS,169759
EL HIERRO,2011,BINTER CANARIAS,158667
EL HIERRO,2012,BINTER CANARIAS,140846
EL HIERRO,2013,BINTER CANARIAS,138368
EL HIERRO,2014,BINTER CANARIAS,147647
EL HIERRO,2015,BINTER CANARIAS,145676
EL HIERRO,2016,BINTER CANARIAS,155256
EL HIERRO,2017,BINTER CANARIAS,185603
EL HIERRO,2018,BINTER CANARIAS,212345
EL HIERRO,2019,BINTER CANARIAS,236402
EL HIERRO,2020,BINTER CANARIAS,166099
EL HIERRO,2021,BINTER CANARIAS,229626
EL HIERRO,2022,BINTER CANARIAS,267099
EL HIERRO,2023,BINTER CANARIAS,293269
EL HIERRO,2024,BINTER CANARIAS,312565
EL HIERRO,2025,BINTER CANARIAS,304337
FGL GRANADA-JAÉN,2006,GRUPO IBERIA,478773
FGL GRANADA-JAÉN,2007,GRUPO IBERIA,467711
FGL GRANADA-JAÉN,2008,GRUPO IBERIA,363782
FGL GRANADA-JAÉN,2009,RYANAIR GROUP,396843
FGL GRANADA-JAÉN,2010,GRUPO IBERIA,323391
FGL GRANADA-JAÉN,2011,GRUPO IBERIA,291768
FGL GRANADA-JAÉN,2012,"VUELING AIRLINES, S.A.",380004
FGL GRANADA-JAÉN,2013,"VUELING AIRLINES, S.A.",356144
FGL GRANADA-JAÉN,2014,"VUELING AIRLINES, S.A.",368702
FGL GRANADA-JAÉN,2015,"VUELING AIRLINES, S.A.",371774
FGL GRANADA-JAÉN,2016,"VUELING AIRLINES, S.A.",381788
FGL GRANADA-JAÉN,2017,"VUELING AIRLINES, S.A.",456277
FGL GRANADA-JAÉN,2018,"VUELING AIRLINES, S.A.",646865
FGL GRANADA-JAÉN,2019,"VUELING AIRLINES, S.A.",712419
FGL GRANADA-JAÉN,2020,"VUELING AIRLINES, S.A.",223205
FGL GRANADA-JAÉN,2021,"VUELING AIRLINES, S.A.",338463
FGL GRANADA-JAÉN,2022,"VUELING AIRLINES, S.A.",669769
FGL GRANADA-JAÉN,2023,"VUELING AIRLINES, S.A.",719880
FGL GRANADA-JAÉN,2024,"VUELING AIRLINES, S.A.",762857
FGL GRANADA-JAÉN,2025,"VUELING AIRLINES, S.A.",738159
FUERTEVENTURA,2006,THOMAS COOK AIRLINES,678014
FUERTEVENTURA,2007,BINTER CANARIAS,668417
FUERTEVENTURA,2008,THOMAS COOK AIRLINES,771799
FUERTEVENTURA,2009,THOMAS COOK AIRLINES,701956
FUERTEVENTURA,2010,THOMAS COOK AIRLINES,734796
FUERTEVENTURA,2011,THOMAS COOK AIRLINES,847556
FUERTEVENTURA,2012,THOMAS COOK AIRLINES,805472
FUERTEVENTURA,2013,THOMAS COOK AIRLINES,750322
FUERTEVENTURA,2014,THOMAS COOK AIRLINES,775963
FUERTEVENTURA,2015,THOMAS COOK AIRLINES,777943
FUERTEVENTURA,2016,TUI GROUP,952297
FUERTEVENTURA,2017,TUI GROUP,950830
FUERTEVENTURA,2018,TUI GROUP,894300
FUERTEVENTURA,2019,RYANAIR GROUP,874021
FUERTEVENTURA,2020,BINTER CANARIAS,456568
FUERTEVENTURA,2021,BINTER CANARIAS,627601
FUERTEVENTURA,2022,RYANAIR GROUP,1040115
FUERTEVENTURA,2023,RYANAIR GROUP,1154887
FUERTEVENTURA,2024,RYANAIR GROUP,1125585
FUERTEVENTURA,2025,RYANAIR GROUP,1213976
GIRONA-COSTA BRAVA,2006,RYANAIR GROUP,3116305
GIRONA-COSTA BRAVA,2007,RYANAIR GROUP,4260702
GIRONA-COSTA BRAVA,2008,RYANAIR GROUP,5033317
GIRONA-COSTA BRAVA,2009,RYANAIR GROUP,5045480
GIRONA-COSTA BRAVA,2010,RYANAIR GROUP,4615164
GIRONA-COSTA BRAVA,2011,RYANAIR GROUP,2734815
GIRONA-COSTA BRAVA,2012,RYANAIR GROUP,2594397
GIRONA-COSTA BRAVA,2013,RYANAIR GROUP,2474201
GIRONA-COSTA BRAVA,2014,RYANAIR GROUP,1905685
GIRONA-COSTA BRAVA,2015,RYANAIR GROUP,1566290
GIRONA-COSTA BRAVA,2016,RYANAIR GROUP,1335023
GIRONA-COSTA BRAVA,2017,RYANAIR GROUP,1443927
GIRONA-COSTA BRAVA,2018,RYANAIR GROUP,1467526
GIRONA-COSTA BRAVA,2019,RYANAIR GROUP,1401702
GIRONA-COSTA BRAVA,2020,RYANAIR GROUP,124635
GIRONA-COSTA BRAVA,2021,RYANAIR GROUP,230211
GIRONA-COSTA BRAVA,2022,RYANAIR GROUP,1032752
GIRONA-COSTA BRAVA,2023,RYANAIR GROUP,1261466
GIRONA-COSTA BRAVA,2024,RYANAIR GROUP,1634827
GIRONA-COSTA BRAVA,2025,RYANAIR GROUP,1776199
GRAN CANARIA,2006,BINTER CANARIAS,1989910
GRAN CANARIA,2007,BINTER CANARIAS,2014850
GRAN CANARIA,2008,BINTER CANARIAS,1897235
GRAN CANARIA,2009,BINTER CANARIAS,1695613
GRAN CANARIA,2010,BINTER CANARIAS,1609095
GRAN CANARIA,2011,BINTER CANARIAS,1649548
GRAN CANARIA,2012,BINTER CANARIAS,1530722
GRAN CANARIA,2013,BINTER CANARIAS,1563127
GRAN CANARIA,2014,BINTER CANARIAS,1617865
GRAN CANARIA,2015,BINTER CANARIAS,1692398
GRAN CANARIA,2016,BINTER CANARIAS,1704706
GRAN CANARIA,2017,BINTER CANARIAS,1982278
GRAN CANARIA,2018,BINTER CANARIAS,2246837
GRAN CANARIA,2019,BINTER CANARIAS,2419670
GRAN CANARIA,2020,BINTER CANARIAS,1367792
GRAN CANARIA,2021,BINTER CANARIAS,1937469
GRAN CANARIA,2022,BINTER CANARIAS,2733027
GRAN CANARIA,2023,BINTER CANARIAS,3070617
GRAN CANARIA,2024,BINTER CANARIAS,3431893
GRAN CANARIA,2025,BINTER CANARIAS,3712011
IBIZA,2006,SPANAIR,475585
IBIZA,2007,GRUPO IBERIA,836020
IBIZA,2008,GRUPO IBERIA,593317
IBIZA,2009,GRUPO IBERIA,528356
IBIZA,2010,"VUELING AIRLINES, S.A.",712813
IBIZA,2011,RYANAIR GROUP,1121508
IBIZA,2012,RYANAIR GROUP,1324497
IBIZA,2013,RYANAIR GROUP,1322843
IBIZA,2014,RYANAIR GROUP,1398652
IBIZA,2015,RYANAIR GROUP,1428989
IBIZA,2016,RYANAIR GROUP,1833066
IBIZA,2017,RYANAIR GROUP,1890285
IBIZA,2018,RYANAIR GROUP,1964936
IBIZA,2019,RYANAIR GROUP,1999332
IBIZA,2020,"VUELING AIRLINES, S.A.",538901
IBIZA,2021,RYANAIR GROUP,1133501
IBIZA,2022,RYANAIR GROUP,1953430
IBIZA,2023,RYANAIR GROUP,2236399
IBIZA,2024,RYANAIR GROUP,2237842
IBIZA,2025,RYANAIR GROUP,2334050
JEREZ DE LA FRONTERA,2006,GRUPO IBERIA,384648
JEREZ DE LA FRONTERA,2007,GRUPO IBERIA,399102
JEREZ DE LA FRONTERA,2008,GRUPO IBERIA,380542
JEREZ DE LA FRONTERA,2009,GRUPO IBERIA,346418
JEREZ DE LA FRONTERA,2010,GRUPO IBERIA,351999
JEREZ DE LA FRONTERA,2011,GRUPO IBERIA,344260
JEREZ DE LA FRONTERA,2012,GRUPO IBERIA,305076
JEREZ DE LA FRONTERA,2013,GRUPO IBERIA,193852
JEREZ DE LA FRONTERA,2014,GRUPO IBERIA,187032
JEREZ DE LA FRONTERA,2015,GRUPO IBERIA,215717
JEREZ DE LA FRONTERA,2016,GRUPO IBERIA,229326
JEREZ DE LA FRONTERA,2017,GRUPO IBERIA,274284
JEREZ DE LA FRONTERA,2018,GRUPO IBERIA,293003
JEREZ DE LA FRONTERA,2019,GRUPO IBERIA,309727
JEREZ DE LA FRONTERA,2020,GRUPO IBERIA,82428
JEREZ DE LA FRONTERA,2021,GRUPO IBERIA,125978
JEREZ DE LA FRONTERA,2022,"VUELING AIRLINES, S.A.",197485
JEREZ DE LA FRONTERA,2023,GRUPO IBERIA,243035
JEREZ DE LA FRONTERA,2024,GRUPO IBERIA,210489
JEREZ DE LA FRONTERA,2025,"VUELING AIRLINES, S.A.",202579
LA GOMERA,2006,BINTER CANARIAS,37389
LA GOMERA,2007,BINTER CANARIAS,39918
LA GOMERA,2008,BINTER CANARIAS,40905
LA GOMERA,2009,BINTER CANARIAS,34071
LA GOMERA,2010,BINTER CANARIAS,31925
LA GOMERA,2011,BINTER CANARIAS,31908
LA GOMERA,2012,BINTER CANARIAS,16950
LA GOMERA,2013,BINTER CANARIAS,24007
LA GOMERA,2014,BINTER CANARIAS,28487
LA GOMERA,2015,BINTER CANARIAS,34491
LA GOMERA,2016,BINTER CANARIAS,37643
LA GOMERA,2017,BINTER CANARIAS,48335
LA GOMERA,2018,BINTER CANARIAS,61626
LA GOMERA,2019,BINTER CANARIAS,77405
LA GOMERA,2020,BINTER CANARIAS,55762
LA GOMERA,2021,BINTER CANARIAS,81423
LA GOMERA,2022,BINTER CANARIAS,95019
LA GOMERA,2023,BINTER CANARIAS,113115
LA GOMERA,2024,BINTER CANARIAS,120486
LA GOMERA,2025,BINTER CANARIAS,128170
LA PALMA,2006,BINTER CANARIAS,548425
LA PALMA,2007,BINTER CANARIAS,579194
LA PALMA,2008,BINTER CANARIAS,541893
LA PALMA,2009,BINTER CANARIAS,497305
LA PALMA,2010,BINTER CANARIAS,479175
LA PALMA,2011,BINTER CANARIAS,494679
LA PALMA,2012,BINTER CANARIAS,477717
LA PALMA,2013,BINTER CANARIAS,523008
LA PALMA,2014,BINTER CANARIAS,510022
LA PALMA,2015,BINTER CANARIAS,497283
LA PALMA,2016,BINTER CANARIAS,508563
LA PALMA,2017,BINTER CANARIAS,597521
LA PALMA,2018,BINTER CANARIAS,668971
LA PALMA,2019,BINTER CANARIAS,745861
LA PALMA,2020,BINTER CANARIAS,430914
LA PALMA,2021,BINTER CANARIAS,493588
LA PALMA,2022,BINTER CANARIAS,765121
LA PALMA,2023,BINTER CANARIAS,871347
LA PALMA,2024,BINTER CANARIAS,901971
LA PALMA,2025,BINTER CANARIAS,938239
LANZAROTE CÉSAR MANRIQUE,2006,BINTER CANARIAS,846596
LANZAROTE CÉSAR MANRIQUE,2007,BINTER CANARIAS,795899
LANZAROTE CÉSAR MANRIQUE,2008,BINTER CANARIAS,740070
LANZAROTE CÉSAR MANRIQUE,2009,BINTER CANARIAS,706220
LANZAROTE CÉSAR MANRIQUE,2010,BINTER CANARIAS,664458
LANZAROTE CÉSAR MANRIQUE,2011,RYANAIR GROUP,1044679
LANZAROTE CÉSAR MANRIQUE,2012,RYANAIR GROUP,1071945
LANZAROTE CÉSAR MANRIQUE,2013,RYANAIR GROUP,1083335
LANZAROTE CÉSAR MANRIQUE,2014,RYANAIR GROUP,1273715
LANZAROTE CÉSAR MANRIQUE,2015,RYANAIR GROUP,1344518
LANZAROTE CÉSAR MANRIQUE,2016,RYANAIR GROUP,1396884
LANZAROTE CÉSAR MANRIQUE,2017,RYANAIR GROUP,1621451
LANZAROTE CÉSAR MANRIQUE,2018,RYANAIR GROUP,1608965
LANZAROTE CÉSAR MANRIQUE,2019,RYANAIR GROUP,1554376
LANZAROTE CÉSAR MANRIQUE,2020,BINTER CANARIAS,562863
LANZAROTE CÉSAR MANRIQUE,2021,BINTER CANARIAS,757882
LANZAROTE CÉSAR MANRIQUE,2022,RYANAIR GROUP,1736640
LANZAROTE CÉSAR MANRIQUE,2023,RYANAIR GROUP,2038320
LANZAROTE CÉSAR MANRIQUE,2024,RYANAIR GROUP,2060646
LANZAROTE CÉSAR MANRIQUE,2025,RYANAIR GROUP,2183309
LEÓN,2006,AIR NOSTRUM,71028
LEÓN,2007,GRUPO IBERIA,80237
LEÓN,2008,GRUPO IBERIA,71601
LEÓN,2009,GRUPO IBERIA,83320
LEÓN,2010,GRUPO IBERIA,77431
LEÓN,2011,GRUPO IBERIA,73466
LEÓN,2012,GRUPO IBERIA,37505
LEÓN,2013,GRUPO IBERIA,20626
LEÓN,2014,GRUPO IBERIA,21511
LEÓN,2015,GRUPO IBERIA,27137
LEÓN,2016,GRUPO IBERIA,29082
LEÓN,2017,GRUPO IBERIA,37071
LEÓN,2018,GRUPO IBERIA,48268
LEÓN,2019,GRUPO IBERIA,51381
LEÓN,2020,GRUPO IBERIA,17254
LEÓN,2021,GRUPO IBERIA,26354
LEÓN,2022,GRUPO IBERIA,41894
LEÓN,2023,GRUPO IBERIA,47309
LEÓN,2024,GRUPO IBERIA,53445
LEÓN,2025,GRUPO IBERIA,57957
MELILLA,2006,AIR NOSTRUM,303325
MELILLA,2007,GRUPO IBERIA,297522
MELILLA,2008,GRUPO IBERIA,305177
MELILLA,2009,GRUPO IBERIA,285694
MELILLA,2010,GRUPO IBERIA,286582
MELILLA,2011,GRUPO IBERIA,275296
MELILLA,2012,GRUPO IBERIA,251693
MELILLA,2013,GRUPO IBERIA,260685
MELILLA,2014,GRUPO IBERIA,260774
MELILLA,2015,GRUPO IBERIA,263617
MELILLA,2016,GRUPO IBERIA,275812
MELILLA,2017,GRUPO IBERIA,272418
MELILLA,2018,GRUPO IBERIA,284139
MELILLA,2019,GRUPO IBERIA,359649
MELILLA,2020,GRUPO IBERIA,165932
MELILLA,2021,GRUPO IBERIA,311485
MELILLA,2022,GRUPO IBERIA,441589
MELILLA,2023,GRUPO IBERIA,496806
MELILLA,2024,GRUPO IBERIA,503202
MELILLA,2025,GRUPO IBERIA,528014
MENORCA,2006,AIR NOSTRUM,311983
MENORCA,2007,GRUPO IBERIA,600740
MENORCA,2008,GRUPO IBERIA,421843
MENORCA,2009,GRUPO IBERIA,366975
MENORCA,2010,"VUELING AIRLINES, S.A.",384851
MENORCA,2011,"VUELING AIRLINES, S.A.",416365
MENORCA,2012,"VUELING AIRLINES, S.A.",575619
MENORCA,2013,"VUELING AIRLINES, S.A.",603034
MENORCA,2014,"VUELING AIRLINES, S.A.",681200
MENORCA,2015,"VUELING AIRLINES, S.A.",723104
MENORCA,2016,"VUELING AIRLINES, S.A.",745802
MENORCA,2017,"VUELING AIRLINES, S.A.",834770
MENORCA,2018,"VUELING AIRLINES, S.A.",961476
MENORCA,2019,"VUELING AIRLINES, S.A.",981799
MENORCA,2020,"VUELING AIRLINES, S.A.",422773
MENORCA,2021,"VUELING AIRLINES, S.A.",765426
MENORCA,2022,"VUELING AIRLINES, S.A.",971528
MENORCA,2023,"VUELING AIRLINES, S.A.",985768
MENORCA,2024,"VUELING AIRLINES, S.A.",914540
MENORCA,2025,"VUELING AIRLINES, S.A.",910274
MURCIA-SAN JAVIER,2006,RYANAIR GROUP,768943
MURCIA-SAN JAVIER,2007,RYANAIR GROUP,876747
MURCIA-SAN JAVIER,2008,RYANAIR GROUP,765093
MURCIA-SAN JAVIER,2009,RYANAIR GROUP,704561
MURCIA-SAN JAVIER,2010,RYANAIR GROUP,630525
MURCIA-SAN JAVIER,2011,RYANAIR GROUP,573567
MURCIA-SAN JAVIER,2012,RYANAIR GROUP,584444
MURCIA-SAN JAVIER,2013,RYANAIR GROUP,597292
MURCIA-SAN JAVIER,2014,RYANAIR GROUP,570023
MURCIA-SAN JAVIER,2015,RYANAIR GROUP,587009
MURCIA-SAN JAVIER,2016,RYANAIR GROUP,637904
MURCIA-SAN JAVIER,2017,RYANAIR GROUP,693193
MURCIA-SAN JAVIER,2018,RYANAIR GROUP,719710
MURCIA-SAN JAVIER,2019,RYANAIR GROUP,13384
MÁLAGA-COSTA DEL SOL,2006,EASYJET,1783909
MÁLAGA-COSTA DEL SOL,2007,EASYJET,1970176
MÁLAGA-COSTA DEL SOL,2008,EASYJET,2256759
MÁLAGA-COSTA DEL SOL,2009,EASYJET,1992401
MÁLAGA-COSTA DEL SOL,2010,RYANAIR GROUP,2113374
MÁLAGA-COSTA DEL SOL,2011,RYANAIR GROUP,2742291
MÁLAGA-COSTA DEL SOL,2012,RYANAIR GROUP,2917781
MÁLAGA-COSTA DEL SOL,2013,RYANAIR GROUP,2980058
MÁLAGA-COSTA DEL SOL,2014,RYANAIR GROUP,2863967
MÁLAGA-COSTA DEL SOL,2015,RYANAIR GROUP,3025494
MÁLAGA-COSTA DEL SOL,2016,RYANAIR GROUP,3831368
MÁLAGA-COSTA DEL SOL,2017,RYANAIR GROUP,4308349
MÁLAGA-COSTA DEL SOL,2018,RYANAIR GROUP,4592787
MÁLAGA-COSTA DEL SOL,2019,RYANAIR GROUP,5210420
MÁLAGA-COSTA DEL SOL,2020,RYANAIR GROUP,1562485
MÁLAGA-COSTA DEL SOL,2021,RYANAIR GROUP,2574186
MÁLAGA-COSTA DEL SOL,2022,RYANAIR GROUP,5208047
MÁLAGA-COSTA DEL SOL,2023,RYANAIR GROUP,6628270
MÁLAGA-COSTA DEL SOL,2024,RYANAIR GROUP,7702903
MÁLAGA-COSTA DEL SOL,2025,RYANAIR GROUP,8452011
PALMA DE MALLORCA,2006,AIRBERLIN GROUP,5506492
PALMA DE MALLORCA,2007,AIRBERLIN GROUP,6171742
PALMA DE MALLORCA,2008,AIRBERLIN GROUP,6850658
PALMA DE MALLORCA,2009,AIRBERLIN GROUP,6793268
PALMA DE MALLORCA,2010,AIRBERLIN GROUP,7044766
PALMA DE MALLORCA,2011,AIRBERLIN GROUP,7430764
PALMA DE MALLORCA,2012,AIRBERLIN GROUP,6958330
PALMA DE MALLORCA,2013,AIRBERLIN GROUP,6556650
PALMA DE MALLORCA,2014,AIRBERLIN GROUP,6083395
PALMA DE MALLORCA,2015,AIRBERLIN GROUP,5825325
PALMA DE MALLORCA,2016,AIRBERLIN GROUP,5154550
PALMA DE MALLORCA,2017,RYANAIR GROUP,4087464
PALMA DE MALLORCA,2018,RYANAIR GROUP,6240090
PALMA DE MALLORCA,2019,RYANAIR GROUP,7266077
PALMA DE MALLORCA,2020,RYANAIR GROUP,1392951
PALMA DE MALLORCA,2021,RYANAIR GROUP,3189415
PALMA DE MALLORCA,2022,RYANAIR GROUP,7300193
PALMA DE MALLORCA,2023,RYANAIR GROUP,8042745
PALMA DE MALLORCA,2024,RYANAIR GROUP,8110225
PALMA DE MALLORCA,2025,RYANAIR GROUP,8445526
PAMPLONA,2006,AIR NOSTRUM,203432
PAMPLONA,2007,GRUPO IBERIA,387472
PAMPLONA,2008,GRUPO IBERIA,378961
PAMPLONA,2009,GRUPO IBERIA,308406
PAMPLONA,2010,GRUPO IBERIA,265738
PAMPLONA,2011,GRUPO IBERIA,212930
PAMPLONA,2012,GRUPO IBERIA,173590
PAMPLONA,2013,GRUPO IBERIA,128710
PAMPLONA,2014,GRUPO IBERIA,124353
PAMPLONA,2015,GRUPO IBERIA,136331
PAMPLONA,2016,GRUPO IBERIA,143332
PAMPLONA,2017,GRUPO IBERIA,150030
PAMPLONA,2018,GRUPO IBERIA,156932
PAMPLONA,2019,GRUPO IBERIA,181908
PAMPLONA,2020,GRUPO IBERIA,67790
PAMPLONA,2021,GRUPO IBERIA,86605
PAMPLONA,2022,GRUPO IBERIA,132727
PAMPLONA,2023,GRUPO IBERIA,150892
PAMPLONA,2024,GRUPO IBERIA,173649
PAMPLONA,2025,GRUPO IBERIA,172571
REUS,2006,RYANAIR GROUP,643370
REUS,2007,RYANAIR GROUP,604088
REUS,2008,RYANAIR GROUP,625149
REUS,2009,RYANAIR GROUP,1182323
REUS,2010,RYANAIR GROUP,1004159
REUS,2011,RYANAIR GROUP,952168
REUS,2012,RYANAIR GROUP,560357
REUS,2013,RYANAIR GROUP,622814
REUS,2014,RYANAIR GROUP,460166
REUS,2015,RYANAIR GROUP,292179
REUS,2016,RYANAIR GROUP,310238
REUS,2017,RYANAIR GROUP,369998
REUS,2018,RYANAIR GROUP,372784
REUS,2019,RYANAIR GROUP,408710
REUS,2020,RYANAIR GROUP,30632
REUS,2021,RYANAIR GROUP,133964
REUS,2022,RYANAIR GROUP,442070
REUS,2023,RYANAIR GROUP,548377
REUS,2024,RYANAIR GROUP,603484
REUS,2025,RYANAIR GROUP,674935
SAN SEBASTIÁN,2006,AIR NOSTRUM,244829
SAN SEBASTIÁN,2007,GRUPO IBERIA,367771
SAN SEBASTIÁN,2008,GRUPO IBERIA,350060
SAN SEBASTIÁN,2009,GRUPO IBERIA,305920
SAN SEBASTIÁN,2010,GRUPO IBERIA,275637
SAN SEBASTIÁN,2011,GRUPO IBERIA,237242
SAN SEBASTIÁN,2012,GRUPO IBERIA,210159
SAN SEBASTIÁN,2013,GRUPO IBERIA,151931
SAN SEBASTIÁN,2014,GRUPO IBERIA,152741
SAN SEBASTIÁN,2015,GRUPO IBERIA,164908
SAN SEBASTIÁN,2016,GRUPO IBERIA,167972
SAN SEBASTIÁN,2017,GRUPO IBERIA,178275
SAN SEBASTIÁN,2018,GRUPO IBERIA,181421
SAN SEBASTIÁN,2019,GRUPO IBERIA,197402
SAN SEBASTIÁN,2020,GRUPO IBERIA,57431
SAN SEBASTIÁN,2021,GRUPO IBERIA,84520
SAN SEBASTIÁN,2022,GRUPO IBERIA,196104
SAN SEBASTIÁN,2023,GRUPO IBERIA,227297
SAN SEBASTIÁN,2024,GRUPO IBERIA,225371
SAN SEBASTIÁN,2025,GRUPO IBERIA,222854
SANTIAGO-ROSALÍA DE CASTRO,2006,GRUPO IBERIA,697392
SANTIAGO-ROSALÍA DE CASTRO,2007,GRUPO IBERIA,669335
SANTIAGO-ROSALÍA DE CASTRO,2008,GRUPO IBERIA,612848
SANTIAGO-ROSALÍA DE CASTRO,2009,GRUPO IBERIA,568905
SANTIAGO-ROSALÍA DE CASTRO,2010,RYANAIR GROUP,692662
SANTIAGO-ROSALÍA DE CASTRO,2011,RYANAIR GROUP,1158613
SANTIAGO-ROSALÍA DE CASTRO,2012,RYANAIR GROUP,1085962
SANTIAGO-ROSALÍA DE CASTRO,2013,RYANAIR GROUP,1029970
SANTIAGO-ROSALÍA DE CASTRO,2014,RYANAIR GROUP,938617
SANTIAGO-ROSALÍA DE CASTRO,2015,RYANAIR GROUP,1020966
SANTIAGO-ROSALÍA DE CASTRO,2016,RYANAIR GROUP,1081992
SANTIAGO-ROSALÍA DE CASTRO,2017,RYANAIR GROUP,1111700
SANTIAGO-ROSALÍA DE CASTRO,2018,RYANAIR GROUP,1110902
SANTIAGO-ROSALÍA DE CASTRO,2019,RYANAIR GROUP,1239476
SANTIAGO-ROSALÍA DE CASTRO,2020,RYANAIR GROUP,408492
SANTIAGO-ROSALÍA DE CASTRO,2021,RYANAIR GROUP,698470
SANTIAGO-ROSALÍA DE CASTRO,2022,RYANAIR GROUP,1565628
SANTIAGO-ROSALÍA DE CASTRO,2023,RYANAIR GROUP,1678079
SANTIAGO-ROSALÍA DE CASTRO,2024,RYANAIR GROUP,1679936
SANTIAGO-ROSALÍA DE CASTRO,2025,"VUELING AIRLINES, S.A.",1390181
SEVE BALLESTEROS-SANTANDER,2006,AIR NOSTRUM,361247
SEVE BALLESTEROS-SANTANDER,2007,GRUPO IBERIA,406267
SEVE BALLESTEROS-SANTANDER,2008,RYANAIR GROUP,455999
SEVE BALLESTEROS-SANTANDER,2009,RYANAIR GROUP,617351
SEVE BALLESTEROS-SANTANDER,2010,RYANAIR GROUP,643432
SEVE BALLESTEROS-SANTANDER,2011,RYANAIR GROUP,886885
SEVE BALLESTEROS-SANTANDER,2012,RYANAIR GROUP,904320
SEVE BALLESTEROS-SANTANDER,2013,RYANAIR GROUP,782588
SEVE BALLESTEROS-SANTANDER,2014,RYANAIR GROUP,596201
SEVE BALLESTEROS-SANTANDER,2015,RYANAIR GROUP,616531
SEVE BALLESTEROS-SANTANDER,2016,RYANAIR GROUP,475272
SEVE BALLESTEROS-SANTANDER,2017,RYANAIR GROUP,569931
SEVE BALLESTEROS-SANTANDER,2018,RYANAIR GROUP,650745
SEVE BALLESTEROS-SANTANDER,2019,RYANAIR GROUP,672336
SEVE BALLESTEROS-SANTANDER,2020,RYANAIR GROUP,180389
SEVE BALLESTEROS-SANTANDER,2021,RYANAIR GROUP,247976
SEVE BALLESTEROS-SANTANDER,2022,RYANAIR GROUP,613372
SEVE BALLESTEROS-SANTANDER,2023,RYANAIR GROUP,720657
SEVE BALLESTEROS-SANTANDER,2024,RYANAIR GROUP,622444
SEVE BALLESTEROS-SANTANDER,2025,RYANAIR GROUP,561594
SEVILLA,2006,GRUPO IBERIA,1232683
SEVILLA,2007,GRUPO IBERIA,1185492
SEVILLA,2008,GRUPO IBERIA,936690
SEVILLA,2009,"VUELING AIRLINES, S.A.",1159103
SEVILLA,2010,"VUELING AIRLINES, S.A.",1405876
SEVILLA,2011,RYANAIR GROUP,2117714
SEVILLA,2012,RYANAIR GROUP,1842358
SEVILLA,2013,RYANAIR GROUP,1464874
SEVILLA,2014,RYANAIR GROUP,1373573
SEVILLA,2015,"VUELING AIRLINES, S.A.",1495931
SEVILLA,2016,"VUELING AIRLINES, S.A.",1596696
SEVILLA,2017,RYANAIR GROUP,1791599
SEVILLA,2018,RYANAIR GROUP,2446913
SEVILLA,2019,RYANAIR GROUP,3020415
SEVILLA,2020,RYANAIR GROUP,891957
SEVILLA,2021,RYANAIR GROUP,1325579
SEVILLA,2022,RYANAIR GROUP,2726521
SEVILLA,2023,RYANAIR GROUP,3355460
SEVILLA,2024,RYANAIR GROUP,3854302
SEVILLA,2025,RYANAIR GROUP,3984353
TENERIFE NORTE-C. LA LAGUNA,2006,BINTER CANARIAS,1607185
TENERIFE NORTE-C. LA LAGUNA,2007,BINTER CANARIAS,1646208
TENERIFE NORTE-C. LA LAGUNA,2008,BINTER CANARIAS,1597470
TENERIFE NORTE-C. LA LAGUNA,2009,BINTER CANARIAS,1544927
TENERIFE NORTE-C. LA LAGUNA,2010,BINTER CANARIAS,1495484
TENERIFE NORTE-C. LA LAGUNA,2011,BINTER CANARIAS,1526522
TENERIFE NORTE-C. LA LAGUNA,2012,BINTER CANARIAS,1449538
TENERIFE NORTE-C. LA LAGUNA,2013,BINTER CANARIAS,1500919
TENERIFE NORTE-C. LA LAGUNA,2014,BINTER CANARIAS,1558325
TENERIFE NORTE-C. LA LAGUNA,2015,BINTER CANARIAS,1572576
TENERIFE NORTE-C. LA LAGUNA,2016,BINTER CANARIAS,1631606
TENERIFE NORTE-C. LA LAGUNA,2017,BINTER CANARIAS,1880820
TENERIFE NORTE-C. LA LAGUNA,2018,BINTER CANARIAS,2126916
TENERIFE NORTE-C. LA LAGUNA,2019,BINTER CANARIAS,2299143
TENERIFE NORTE-C. LA LAGUNA,2020,BINTER CANARIAS,1292588
TENERIFE NORTE-C. LA LAGUNA,2021,BINTER CANARIAS,1736777
TENERIFE NORTE-C. LA LAGUNA,2022,BINTER CANARIAS,2333879
TENERIFE NORTE-C. LA LAGUNA,2023,BINTER CANARIAS,2534814
TENERIFE NORTE-C. LA LAGUNA,2024,BINTER CANARIAS,2863053
TENERIFE NORTE-C. LA LAGUNA,2025,BINTER CANARIAS,3154919
TENERIFE SUR,2006,THOMAS COOK AIRLINES,1279801
TENERIFE SUR,2007,THOMAS COOK AIRLINES,1168510
TENERIFE SUR,2008,THOMAS COOK AIRLINES,1344232
TENERIFE SUR,2009,THOMAS COOK AIRLINES,1262622
TENERIFE SUR,2010,THOMAS COOK AIRLINES,1269336
TENERIFE SUR,2011,TUI GROUP,1530491
TENERIFE SUR,2012,TUI GROUP,1549651
TENERIFE SUR,2013,TUI GROUP,1548799
TENERIFE SUR,2014,RYANAIR GROUP,1610807
TENERIFE SUR,2015,RYANAIR GROUP,1833822
TENERIFE SUR,2016,RYANAIR GROUP,2068493
TENERIFE SUR,2017,RYANAIR GROUP,2351651
TENERIFE SUR,2018,RYANAIR GROUP,2413735
TENERIFE SUR,2019,RYANAIR GROUP,2587190
TENERIFE SUR,2020,RYANAIR GROUP,651953
TENERIFE SUR,2021,RYANAIR GROUP,983937
TENERIFE SUR,2022,RYANAIR GROUP,2452485
TENERIFE SUR,2023,RYANAIR GROUP,2921837
TENERIFE SUR,2024,RYANAIR GROUP,3352046
TENERIFE SUR,2025,RYANAIR GROUP,3443401
VALENCIA,2006,AIR NOSTRUM,1079053
VALENCIA,2007,GRUPO IBERIA,1702534
VALENCIA,2008,GRUPO IBERIA,1570689
VALENCIA,2009,GRUPO IBERIA,1326026
VALENCIA,2010,RYANAIR GROUP,1377799
VALENCIA,2011,RYANAIR GROUP,1976552
VALENCIA,2012,RYANAIR GROUP,1913777
VALENCIA,2013,RYANAIR GROUP,1803020
VALENCIA,2014,RYANAIR GROUP,1593217
VALENCIA,2015,RYANAIR GROUP,1712463
VALENCIA,2016,RYANAIR GROUP,1912957
VALENCIA,2017,RYANAIR GROUP,2510693
VALENCIA,2018,RYANAIR GROUP,2977179
VALENCIA,2019,RYANAIR GROUP,3284672
VALENCIA,2020,RYANAIR GROUP,912821
VALENCIA,2021,RYANAIR GROUP,1654516
VALENCIA,2022,RYANAIR GROUP,3464381
VALENCIA,2023,RYANAIR GROUP,4294928
VALENCIA,2024,RYANAIR GROUP,4737877
VALENCIA,2025,RYANAIR GROUP,5310752
VALLADOLID,2006,RYANAIR GROUP,212163
VALLADOLID,2007,RYANAIR GROUP,204180
VALLADOLID,2008,RYANAIR GROUP,204200
VALLADOLID,2009,RYANAIR GROUP,172844
VALLADOLID,2010,RYANAIR GROUP,198612
VALLADOLID,2011,RYANAIR GROUP,291730
VALLADOLID,2012,RYANAIR GROUP,241035
VALLADOLID,2013,RYANAIR GROUP,144783
VALLADOLID,2014,RYANAIR GROUP,113397
VALLADOLID,2015,RYANAIR GROUP,111709
VALLADOLID,2016,RYANAIR GROUP,121353
VALLADOLID,2017,RYANAIR GROUP,122915
VALLADOLID,2018,RYANAIR GROUP,143302
VALLADOLID,2019,RYANAIR GROUP,144533
VALLADOLID,2020,RYANAIR GROUP,40693
VALLADOLID,2021,RYANAIR GROUP,64669
VALLADOLID,2022,RYANAIR GROUP,92633
VALLADOLID,2023,RYANAIR GROUP,103573
VALLADOLID,2024,RYANAIR GROUP,97863
VALLADOLID,2025,BINTER CANARIAS,32022
VIGO,2006,GRUPO IBERIA,655233
VIGO,2007,GRUPO IBERIA,615254
VIGO,2008,GRUPO IBERIA,529710
VIGO,2009,GRUPO IBERIA,465360
VIGO,2010,GRUPO IBERIA,438858
VIGO,2011,GRUPO IBERIA,388086
VIGO,2012,GRUPO IBERIA,319108
VIGO,2013,GRUPO IBERIA,276498
VIGO,2014,GRUPO IBERIA,298183
VIGO,2015,GRUPO IBERIA,308462
VIGO,2016,GRUPO IBERIA,370003
VIGO,2017,GRUPO IBERIA,413371
VIGO,2018,GRUPO IBERIA,437897
VIGO,2019,GRUPO IBERIA,473422
VIGO,2020,GRUPO IBERIA,154370
VIGO,2021,GRUPO IBERIA,285708
VIGO,2022,GRUPO IBERIA,390911
VIGO,2023,GRUPO IBERIA,410489
VIGO,2024,GRUPO IBERIA,369838
VIGO,2025,AIR EUROPA,408467
VITORIA,2006,RYANAIR GROUP,82277
VITORIA,2007,RYANAIR GROUP,89200
VITORIA,2008,GRUPO IBERIA,41244
VITORIA,2009,GRUPO IBERIA,20285
VITORIA,2010,GRUPO IBERIA,14720
VITORIA,2011,AIR EUROPA,8739
VITORIA,2012,GRUPO IBERIA,4104
VITORIA,2013,GRUPO IBERIA,822
VITORIA,2014,GRUPO IBERIA,2653
VITORIA,2015,GRUPO IBERIA,5200
VITORIA,2016,"VUELING AIRLINES, S.A.",15505
VITORIA,2017,RYANAIR GROUP,64230
VITORIA,2018,RYANAIR GROUP,121411
VITORIA,2019,RYANAIR GROUP,155979
VITORIA,2020,RYANAIR GROUP,29783
VITORIA,2021,RYANAIR GROUP,106656
VITORIA,2022,RYANAIR GROUP,207194
VITORIA,2023,RYANAIR GROUP,283059
VITORIA,2024,RYANAIR GROUP,245879
VITORIA,2025,RYANAIR GROUP,266363
ZARAGOZA,2006,RYANAIR GROUP,207174
ZARAGOZA,2007,RYANAIR GROUP,217342
ZARAGOZA,2008,RYANAIR GROUP,326107
ZARAGOZA,2009,RYANAIR GROUP,322698
ZARAGOZA,2010,RYANAIR GROUP,370485
ZARAGOZA,2011,RYANAIR GROUP,533970
ZARAGOZA,2012,RYANAIR GROUP,340379
ZARAGOZA,2013,RYANAIR GROUP,271723
ZARAGOZA,2014,RYANAIR GROUP,249523
ZARAGOZA,2015,RYANAIR GROUP,245570
ZARAGOZA,2016,RYANAIR GROUP,222694
ZARAGOZA,2017,RYANAIR GROUP,207495
ZARAGOZA,2018,RYANAIR GROUP,227744
ZARAGOZA,2019,RYANAIR GROUP,214082
ZARAGOZA,2020,RYANAIR GROUP,54788
ZARAGOZA,2021,RYANAIR GROUP,80687
ZARAGOZA,2022,RYANAIR GROUP,303476
ZARAGOZA,2023,RYANAIR GROUP,373610
ZARAGOZA,2024,RYANAIR GROUP,386912
ZARAGOZA,2025,RYANAIR GROUP,323091
